{
  "start.py": 1772293982.405169,
  "run.py": 1772289322.8201115,
  "src/pytrading/py_trading.py": 1772956803.8634984,
  "src/pytrading/__init__.py": 1772289322.8241107,
  "src/pytrading/logger.py": 1772971204.9273312,
  "src/pytrading/utils/myquant.py": 1772289322.8241107,
  "src/pytrading/utils/talib_util.py": 1772345458.3988786,
  "src/pytrading/utils/thread_pool.py": 1772289322.8241107,
  "src/pytrading/utils/__init__.py": 1772294415.1050842,
  "src/pytrading/utils/process.py": 1772295114.635778,
  "src/pytrading/utils/akshare_util.py": 1772814133.244907,
  "src/pytrading/service/trade_record_service.py": 1772813433.659655,
  "src/pytrading/service/watchlist_service.py": 1772956788.34397,
  "src/pytrading/service/__init__.py": 1772954543.782149,
  "src/pytrading/api/__init__.py": 1772289322.8241107,
  "src/pytrading/api/main.py": 1773333550.2850368,
  "src/pytrading/api/models.py": 1772289322.8241107,
  "src/pytrading/run/__init__.py": 1772289322.8241107,
  "src/pytrading/run/run_strategy.py": 1773419576.468564,
  "src/pytrading/db/log_repository.py": 1772954543.7781703,
  "src/pytrading/db/__init__.py": 1772289322.8241107,
  "src/pytrading/db/init_db.py": 1772289322.8241107,
  "src/pytrading/db/mysql.py": 1772969648.0101461,
  "src/pytrading/controller/stock_api_adapter.py": 1772289322.8241107,
  "src/pytrading/controller/__init__.py": 1772289322.8241107,
  "src/pytrading/controller/order_controller.py": 1772289322.8241107,
  "src/pytrading/config/strategy_enum.py": 1772289322.8241107,
  "src/pytrading/config/watch_type.py": 1772954543.7781703,
  "src/pytrading/config/settings.py": 1772289322.8241107,
  "src/pytrading/config/order_enum.py": 1772813411.5817826,
  "src/pytrading/config/__init__.py": 1772954543.7781703,
  "src/pytrading/model/mysql_back_test_saver.py": 1772954543.7781703,
  "src/pytrading/model/back_test_saver_factory.py": 1772289322.8241107,
  "src/pytrading/model/back_test_saver.py": 1772289322.8241107,
  "src/pytrading/model/__init__.py": 1772289322.8241107,
  "src/pytrading/model/back_test.py": 1772341524.9272888,
  "src/pytrading/strategy/strategy_turtle.py": 1772289322.8241107,
  "src/pytrading/strategy/strategy_macd.py": 1772977463.1296554,
  "src/pytrading/strategy/__init__.py": 1772289322.8241107,
  "src/pytrading/strategy/strategy_boll.py": 1772289322.8241107,
  "src/pytrading/strategy/base.py": 1772289322.8241107,
  "tests/conftest.py": 1772851180.4344902,
  "tests/__init__.py": 1772851180.4344902,
  "tests/integration/test_watchlist_api.py": 1772954543.782149,
  "tests/integration/__init__.py": 1772851180.4344902,
  "tests/unit/test_watch_type.py": 1772954543.782149,
  "tests/unit/test_watchlist_service.py": 1772954543.782149,
  "tests/unit/test_settings.py": 1772851180.4344902,
  "tests/unit/test_mysql_models.py": 1772851180.4344902,
  "tests/unit/test_strategy_signals.py": 1772851180.4344902,
  "tests/unit/__init__.py": 1772851180.4344902,
  "tests/fixtures/market_data.py": 1772851180.4344902,
  "tests/fixtures/__init__.py": 1772851180.4344902,
  "frontend/src/App.tsx": 1772954543.7781703,
  "frontend/src/index.tsx": 1772289322.8201115,
  "frontend/src/setupTests.ts": 1772851180.4344902,
  "frontend/src/utils/index.ts": 1772289322.8201115,
  "frontend/src/__tests__/Watchlist.test.tsx": 1772954543.7781703,
  "frontend/src/__tests__/App.test.tsx": 1772851180.4344902,
  "frontend/src/__tests__/utils.test.ts": 1772851180.4344902,
  "frontend/src/services/api.ts": 1772978811.3362129,
  "frontend/src/__mocks__/lightweight-charts.ts": 1772851180.4344902,
  "frontend/src/pages/Settings.tsx": 1772557253.26746,
  "frontend/src/pages/Watchlist.tsx": 1772964532.939093,
  "frontend/src/pages/StrategyManager.tsx": 1772470005.5067565,
  "frontend/src/pages/BacktestResults.tsx": 1773418496.025044,
  "frontend/src/pages/Dashboard.tsx": 1772954543.7781703,
  "frontend/src/pages/RealtimeMonitor.tsx": 1772470193.8129473,
  "frontend/src/pages/BacktestManager.tsx": 1772633251.0590386,
  "frontend/src/styles/darkTheme.ts": 1772472963.1437173,
  "frontend/src/components/StockChart.tsx": 1772973525.2453246,
  "frontend/src/components/LogViewer.tsx": 1772471452.0752501,
  "frontend/src/types/index.ts": 1773418422.7723105,
  "frontend/coverage/lcov-report/block-navigation.js": 1772851180.427157,
  "frontend/coverage/lcov-report/prettify.js": 1772851180.427157,
  "frontend/coverage/lcov-report/sorter.js": 1772851180.427157,
  "test/realtime.py": 1772289322.8241107,
  "test/jk.py": 1772289322.8241107,
  "test/strategy.py": 1772289322.8241107,
  "test/trend.py": 1772289322.8241107,
  "test/main.py": 1772289322.8241107,
  "test/test_mysql.py": 1772289322.8241107,
  "test/talib_test.py": 1772289322.8241107,
  "test/demo.py": 1772289322.8241107,
  "test/test.py": 1772289322.8241107,
  "CLAUDE.md": 1776864779.4416602,
  "README.md": 1772289322.8121126,
  "graphify-out/GRAPH_REPORT.md": 1776866973.9076185,
  "graphify-out/memory/query_20260408_152605_macd\u7b56\u7565\u662f\u5982\u4f55\u5b9e\u73b0\u7684.md": 1775661965.773867,
  "docs/design/watchlist.md": 1772954543.7781703,
  "docs/design/kline-trade-signals.md": 1772814743.7130067,
  "frontend/coverage/lcov-report/favicon.png": 1772851180.427157,
  "frontend/coverage/lcov-report/sort-arrow-sprite.png": 1772851180.427157
}